#{"t_start": 1633556989.4696152, "env_id": "SpritesState-v0"}
r,l,t
18.798009,40,0.029982
27.764,40,0.053944
26.123619,40,0.38603
24.760764,40,1.24274
