#{"t_start": 1633077528.4138815, "env_id": "Sprites-v0"}
r,l,t
30.324609,40,0.154536
29.387574,40,0.306879
28.52481,40,0.474389
29.043606,40,0.626833
29.308081,40,0.789173
29.778029,40,0.974117
